Source File	Size	loadResources	load	generateSnapshots	load-configure	scan	loadDepInfo	loadInfo	checkR4R4B	generateNarratives	validate	loadLists	checkConformanceResources	checkConformanceResources2	checkConformanceResources3	generateLogicalMaps	validateExpressions	scanForUsageStats	checkURLsUnique	processProvenanceDetails	translate	generate1	generate2	generateLogicals	makeDependencies	generateExampleZip	generateValidationPack	scanProfilesForR5	scanExamplesForR5
/fsh-generated/resources/ImplementationGuide-de.gematik.dipag.json	78089	-	0	0	0	0	0	0	22	85	0	0	0	0	0	0	0	2	0	0	0	399	541	0	0	0	10	0	2
fsh-generated/resources/AuditEvent-BeispielNutzungsprotokoll.json	2466	4	0	0	0	0	0	0	1	277	0	0	0	0	0	0	0	0	0	0	0	25	30	0	0	0	0	0	0
fsh-generated/resources/AuditEvent-BeispielNutzungsprotokollAutomatischLoeschen.json	1649	1	0	0	0	0	0	0	0	8	0	0	0	0	0	0	0	0	0	0	0	18	16	0	0	0	0	0	0
fsh-generated/resources/AuditEvent-BeispielNutzungsprotokollAutomatischMarkierung.json	1587	0	0	0	0	0	0	0	0	6	0	0	0	0	0	0	0	0	0	0	0	21	17	0	0	0	0	0	0
fsh-generated/resources/AuditEvent-BeispielNutzungsprotokollAutomatischPapierkorb.json	1603	1	0	0	0	0	0	0	1	6	0	0	0	0	0	0	0	0	0	0	0	18	17	0	0	0	0	0	0
fsh-generated/resources/AuditEvent-BeispielNutzungsprotokollBerechtigungAbfragen.json	1663	1	0	0	0	0	0	0	0	6	0	0	0	0	0	0	0	0	0	0	0	20	16	0	0	0	0	0	0
fsh-generated/resources/AuditEvent-BeispielNutzungsprotokollBerechtigungAnlegen.json	1707	1	0	0	0	0	0	0	0	5	0	0	0	0	0	0	0	0	0	0	0	19	15	0	0	0	0	0	0
fsh-generated/resources/AuditEvent-BeispielNutzungsprotokollBerechtigungBestaetigen.json	1529	1	0	0	0	0	0	0	0	5	0	0	0	0	0	0	0	0	0	0	0	17	14	0	0	0	0	0	0
fsh-generated/resources/AuditEvent-BeispielNutzungsprotokollChangeStatus.json	1697	1	0	0	0	0	0	0	1	7	0	0	0	0	0	0	0	0	0	0	0	20	16	0	0	0	0	0	0
fsh-generated/resources/AuditEvent-BeispielNutzungsprotokollEinreichenFrontend.json	1708	1	0	0	0	0	0	0	0	6	0	0	0	0	0	0	0	0	0	0	0	24	15	0	0	0	0	0	0
fsh-generated/resources/AuditEvent-BeispielNutzungsprotokollErase.json	1757	1	0	0	0	0	0	0	0	4	0	0	0	0	0	0	0	0	0	0	0	18	14	0	0	0	0	0	0
fsh-generated/resources/AuditEvent-BeispielNutzungsprotokollNutzerkontoEinrichten.json	1423	1	0	0	0	0	0	0	1	4	0	0	0	0	0	0	0	0	0	0	0	16	14	0	0	0	0	0	0
fsh-generated/resources/AuditEvent-BeispielNutzungsprotokollProcessFlag.json	1683	1	0	0	0	0	0	0	0	5	0	0	0	0	0	0	0	0	0	0	0	17	20	0	0	0	0	0	0
fsh-generated/resources/AuditEvent-BeispielNutzungsprotokollRetrieve.json	2248	0	0	0	0	0	0	0	0	7	0	0	0	0	0	0	0	0	0	0	0	20	24	0	0	0	0	0	0
fsh-generated/resources/Binary-BeispielBinarySubmitOutput3-FD.json	17723	1	0	0	0	0	0	0	0	0	0	0	0	0	0	0	0	0	0	0	0	42	12	0	0	0	0	0	0
fsh-generated/resources/Bundle-BeispielNutzungsprotokollResultBundle.json	16616	2	17	0	0	0	0	0	2	28	0	0	0	0	0	0	0	0	0	0	0	79	85	0	0	0	0	0	0
fsh-generated/resources/Bundle-BulkChangeStatusExampleInput.json	894	1	2	0	0	0	0	0	1	0	0	0	0	0	0	0	0	0	0	0	0	8	8	0	0	0	0	0	0
fsh-generated/resources/Bundle-BulkChangeStatusExampleOutput.json	1480	1	2	0	0	0	0	0	0	0	0	0	0	0	0	0	0	0	0	0	0	8	8	0	0	0	0	0	0
fsh-generated/resources/Bundle-BulkRetrieveExampleInput.json	1071	1	0	0	1	0	0	0	0	1	0	0	0	0	0	0	0	0	0	0	0	7	8	0	0	0	0	0	0
fsh-generated/resources/Bundle-BulkRetrieveExampleOutput.json	25278	2	25	0	0	0	0	0	1	159	0	0	0	0	0	0	0	0	0	0	0	45	67	0	0	0	0	0	0
fsh-generated/resources/Bundle-BulkSubmitExample.json	115514	2	27	0	0	0	0	0	1	0	0	0	0	0	0	0	0	0	0	0	0	171	40	0	0	0	0	0	0
fsh-generated/resources/Bundle-BulkSubmitExampleOutput.json	20855	1	8	0	0	0	0	0	0	0	0	0	0	0	0	0	0	0	0	0	0	30	13	0	0	0	0	0	0
fsh-generated/resources/Bundle-BundleExample.json	40413	8	32	0	0	0	0	0	5	368	0	0	0	0	0	0	0	1	0	0	0	102	119	0	0	0	0	0	1
fsh-generated/resources/Bundle-ExampleR5Bundle.json	7420	2	3	0	1	0	0	0	1	7	0	0	0	0	0	0	0	0	0	0	0	20	26	0	0	0	0	0	0
fsh-generated/resources/Bundle-MusterrechnungBundle.json	26794	6	4	0	0	0	0	0	3	425	0	0	0	0	0	0	0	0	0	0	0	73	109	0	0	0	0	0	0
fsh-generated/resources/Bundle-PatientenBundle.json	1068	1	0	0	0	0	0	0	0	1	0	0	0	0	0	0	0	0	0	0	0	7	8	0	0	0	0	0	0
fsh-generated/resources/CapabilityStatement-DiPagCapabilityStatementFD.json	10306	2	0	0	0	0	0	0	1	13	0	0	0	0	0	0	0	0	0	0	0	36	53	0	0	0	1	0	0
fsh-generated/resources/ChargeItem-0d1e2f3a-4b5c-6d7e-8f9a-0b1c2d3e4f5a.json	1568	1	0	0	0	0	0	0	0	3	0	0	0	0	0	0	0	0	0	0	0	10	19	0	0	0	0	0	0
fsh-generated/resources/ChargeItem-4d5e6f7a-8b9c-0d1e-2f3a-4b5c6d7e8f9a.json	1562	1	0	0	0	0	0	0	1	2	0	0	0	0	0	0	0	0	0	0	0	9	16	0	0	0	0	0	0
fsh-generated/resources/ChargeItem-5e6f7a8b-9c0d-1e2f-3a4b-5c6d7e8f9a0b.json	1564	1	0	0	0	0	0	0	0	2	0	0	0	0	0	0	0	0	0	0	0	10	16	0	0	0	0	0	0
fsh-generated/resources/ChargeItem-6f7a8b9c-0d1e-2f3a-4b5c-6d7e8f9a0b1c.json	1570	1	0	0	0	0	0	0	0	2	0	0	0	0	0	0	0	0	0	0	0	8	17	0	0	0	0	0	0
fsh-generated/resources/ChargeItem-7a8b9c0d-1e2f-3a4b-5c6d-7e8f9a0b1c2d.json	1562	1	0	0	0	0	0	0	0	2	0	0	0	0	0	0	0	0	0	0	0	10	17	0	0	0	0	0	0
fsh-generated/resources/ChargeItem-8b9c0d1e-2f3a-4b5c-6d7e-8f9a0b1c2d3e.json	1564	1	0	0	0	0	0	0	1	2	0	0	0	0	0	0	0	0	0	0	0	11	17	0	0	0	0	0	0
fsh-generated/resources/ChargeItem-9c0d1e2f-3a4b-5c6d-7e8f-9a0b1c2d3e4f.json	1551	1	0	0	0	0	0	0	0	2	0	0	0	0	0	0	0	0	0	0	0	9	17	0	0	0	0	0	0
fsh-generated/resources/ChargeItem-KfoMehrkosten1-P1.json	1858	1	0	0	0	0	0	0	0	54	0	0	0	0	0	0	0	0	0	0	0	10	17	0	0	0	0	0	0
fsh-generated/resources/ChargeItem-KfoMehrkosten1-P10.json	1307	1	0	0	0	0	0	0	0	2	0	0	0	0	0	0	0	0	0	0	0	9	15	0	0	0	0	0	0
fsh-generated/resources/ChargeItem-KfoMehrkosten1-P2.json	1333	1	0	0	0	0	0	0	0	3	0	0	0	0	0	0	0	0	0	0	0	9	11	0	0	0	0	0	0
fsh-generated/resources/ChargeItem-KfoMehrkosten1-P3.json	1807	1	0	0	0	0	0	0	1	3	0	0	0	0	0	0	0	0	0	0	0	10	12	0	0	0	0	0	0
fsh-generated/resources/ChargeItem-KfoMehrkosten1-P4.json	2065	1	0	0	0	0	0	0	0	2	0	0	0	0	0	0	0	0	0	0	0	11	13	0	0	1	0	0	0
fsh-generated/resources/ChargeItem-KfoMehrkosten1-P5.json	1333	1	0	0	0	0	0	0	0	2	0	0	0	0	0	0	0	0	0	0	0	8	11	0	0	0	0	0	0
fsh-generated/resources/ChargeItem-KfoMehrkosten1-P6.json	1949	1	0	0	0	0	0	0	0	3	0	0	0	0	0	0	0	0	0	0	0	10	13	0	0	0	0	0	0
fsh-generated/resources/ChargeItem-KfoMehrkosten1-P7.json	1306	0	0	0	0	0	0	0	0	2	0	0	0	0	0	0	0	0	0	0	0	9	11	0	0	0	0	0	0
fsh-generated/resources/ChargeItem-KfoMehrkosten1-P8.json	2014	1	0	0	0	0	0	0	1	3	0	0	0	0	0	0	0	0	0	0	0	10	12	0	0	0	0	0	0
fsh-generated/resources/ChargeItem-KfoMehrkosten1-P9.json	1746	1	0	0	0	0	0	0	0	2	0	0	0	0	0	0	0	0	0	0	0	9	12	0	0	0	0	0	1
fsh-generated/resources/ChargeItem-KfoMehrkosten2-P1.json	1911	1	0	0	0	0	0	0	0	2	0	0	0	0	0	0	0	0	0	0	0	10	13	0	0	0	0	0	0
fsh-generated/resources/ChargeItem-KfoMehrkosten2-P2.json	1294	1	0	0	1	0	0	0	0	2	0	0	0	0	0	0	0	0	0	0	0	8	12	0	0	0	0	0	0
fsh-generated/resources/ChargeItem-KfoMehrkosten2-P3.json	2054	1	0	0	0	0	0	0	0	3	0	0	0	0	0	0	0	0	0	0	0	10	13	0	0	0	0	0	0
fsh-generated/resources/ChargeItem-KfoMehrkosten2-P4.json	1306	1	0	0	0	0	0	0	0	1	0	0	0	0	0	0	0	0	0	0	0	9	12	0	0	0	0	0	0
fsh-generated/resources/ChargeItem-KfoMehrkosten2-P5.json	1668	1	0	0	0	0	0	0	0	2	0	0	0	0	0	0	0	0	0	0	0	12	12	0	0	0	0	0	0
fsh-generated/resources/ChargeItem-KfoMehrkosten2-P6.json	1848	1	0	0	0	0	0	0	0	3	0	0	0	0	0	0	0	0	0	0	0	13	13	0	0	0	0	0	0
fsh-generated/resources/ChargeItem-KfoMehrkosten2-P7.json	1294	0	0	0	0	0	0	0	0	2	0	0	0	0	0	0	0	0	0	0	0	11	12	0	0	0	0	0	0
fsh-generated/resources/ChargeItem-KfoMehrkosten2-P8.json	1668	1	0	0	0	0	0	0	0	3	0	0	0	0	0	0	0	0	0	0	0	9	11	0	0	0	0	0	0
fsh-generated/resources/ChargeItem-KfoMehrkosten3-P1.json	1492	1	0	0	0	0	0	0	0	1	0	0	0	0	0	0	0	0	0	0	0	9	13	0	0	0	0	0	0
fsh-generated/resources/ChargeItem-KfoMehrkosten3-P10.json	893	1	0	0	0	0	0	0	0	2	0	0	0	0	0	0	0	0	0	0	0	7	10	0	0	0	0	0	0
fsh-generated/resources/ChargeItem-KfoMehrkosten3-P11.json	911	1	0	0	0	0	0	0	1	1	0	0	0	0	0	0	0	0	0	0	0	7	11	0	0	0	0	0	0
fsh-generated/resources/ChargeItem-KfoMehrkosten3-P12.json	904	0	0	0	0	0	0	0	0	2	0	0	0	0	0	0	0	0	0	0	0	8	11	0	0	0	0	0	0
fsh-generated/resources/ChargeItem-KfoMehrkosten3-P13.json	919	1	0	0	0	0	0	0	0	1	0	0	0	0	0	0	0	0	0	0	0	7	11	0	0	0	0	0	0
fsh-generated/resources/ChargeItem-KfoMehrkosten3-P14.json	901	0	0	0	0	0	0	0	0	1	0	0	0	0	0	0	0	0	0	0	0	7	11	0	0	0	0	0	0
fsh-generated/resources/ChargeItem-KfoMehrkosten3-P15.json	909	1	0	0	0	0	0	0	0	2	0	0	0	0	0	0	0	0	0	0	0	7	10	0	0	0	0	0	0
fsh-generated/resources/ChargeItem-KfoMehrkosten3-P2.json	1509	1	0	0	0	0	0	0	0	1	0	0	0	0	0	0	0	0	0	0	0	8	12	0	0	0	0	0	0
fsh-generated/resources/ChargeItem-KfoMehrkosten3-P3.json	1509	1	0	0	0	0	0	0	0	2	0	0	0	0	0	0	0	0	0	0	0	8	12	0	0	0	0	0	0
fsh-generated/resources/ChargeItem-KfoMehrkosten3-P4.json	1370	0	0	0	0	0	0	0	0	1	0	0	0	0	0	0	0	0	0	0	0	8	12	0	0	0	0	0	0
fsh-generated/resources/ChargeItem-KfoMehrkosten3-P5.json	899	1	0	0	0	0	0	0	1	1	0	0	0	0	0	0	0	0	0	0	0	10	10	0	0	0	0	0	0
fsh-generated/resources/ChargeItem-KfoMehrkosten3-P6.json	891	0	0	0	0	0	0	0	0	2	0	0	0	0	0	0	0	0	0	0	0	8	11	0	0	0	0	0	0
fsh-generated/resources/ChargeItem-KfoMehrkosten3-P7.json	903	1	0	0	0	0	0	0	0	1	0	0	0	0	0	0	0	0	0	0	0	8	10	0	0	0	0	0	0
fsh-generated/resources/ChargeItem-KfoMehrkosten3-P8.json	913	1	0	0	0	0	0	0	0	2	0	0	0	0	0	0	0	0	0	0	0	7	11	0	0	0	0	0	0
fsh-generated/resources/ChargeItem-KfoMehrkosten3-P9.json	911	0	0	0	0	0	0	0	0	1	0	0	0	0	0	0	0	0	0	0	0	8	10	0	0	0	0	0	0
fsh-generated/resources/ChargeItem-KfoMehrkosten4-P1.json	1629	1	0	0	0	0	0	0	0	2	0	0	0	0	0	0	0	0	0	0	0	9	12	0	0	0	0	0	0
fsh-generated/resources/ChargeItem-KfoMehrkosten4-P2.json	1631	1	0	0	0	0	0	0	0	3	0	0	0	0	0	0	0	0	0	0	0	9	12	0	0	0	0	0	0
fsh-generated/resources/ChargeItem-a5b6c7d8-6f7a-8b9c-3d4e-5f6a7b8c9d0e.json	3216	1	0	0	0	0	0	0	1	3	0	0	0	0	0	0	0	0	0	0	0	14	16	0	0	0	0	0	0
fsh-generated/resources/ChargeItem-b6c7d8e9-7a8b-9c0d-4e5f-6a7b8c9d0e1f.json	2185	1	0	0	0	0	0	0	0	3	0	0	0	0	0	0	0	0	0	0	0	11	13	0	0	0	0	0	0
fsh-generated/resources/ChargeItem-c7d8e9f0-8b9c-0d1e-5f6a-7b8c9d0e1f2a.json	1138	0	0	0	1	0	0	0	0	1	0	0	0	0	0	0	0	0	0	0	0	8	11	0	0	0	0	0	0
fsh-generated/resources/ChargeItem-d8e9f0a1-9c0d-1e2f-6a7b-8c9d0e1f2a3b.json	1361	1	0	0	0	0	0	0	0	2	0	0	0	0	0	0	0	0	0	0	0	8	12	0	0	0	0	0	0
fsh-generated/resources/ChargeItem-e9f0a1b2-0d1e-2f3a-7b8c-9d0e1f2a3b4c.json	2206	1	0	0	0	0	0	0	1	2	0	0	0	0	0	0	0	0	0	0	0	9	14	0	0	0	0	0	0
fsh-generated/resources/CodeSystem-dipag-abrechnungs-diagnose-use-cs.json	808	1	0	0	0	0	0	0	0	5	0	0	0	0	0	0	0	0	0	0	0	7	93	0	0	0	0	0	0
fsh-generated/resources/CodeSystem-dipag-attachment-format-cs.json	1107	0	0	0	0	0	0	0	0	1	0	0	0	0	0	0	0	0	0	0	0	8	69	0	0	0	0	0	0
fsh-generated/resources/CodeSystem-dipag-audit-event-detail-cs.json	1222	0	0	0	0	0	0	0	0	2	0	0	0	0	0	0	0	0	0	0	0	8	65	0	0	0	1	0	0
fsh-generated/resources/CodeSystem-dipag-chargeitem-type-cs.json	1472	1	0	0	0	0	0	0	0	1	0	0	1	0	0	0	0	0	0	0	0	11	60	0	0	0	0	0	0
fsh-generated/resources/CodeSystem-dipag-dokument-artderarchivierung-cs.json	933	0	0	0	0	0	0	0	1	1	0	0	0	0	0	0	0	0	0	0	0	9	48	0	0	0	0	0	0
fsh-generated/resources/CodeSystem-dipag-operationen-cs.json	1230	1	0	0	0	0	0	0	0	1	0	0	0	0	0	0	0	0	0	0	0	9	49	0	0	0	1	0	0
fsh-generated/resources/CodeSystem-dipag-participant-role-cs.json	940	0	0	0	0	0	0	0	0	1	0	0	0	0	0	0	0	0	0	0	0	8	47	0	0	0	0	0	0
fsh-generated/resources/CodeSystem-dipag-rechnung-abrechnungsart-cs.json	1078	1	0	0	0	0	0	0	0	1	0	0	0	0	0	0	0	0	0	0	0	7	46	0	0	0	0	0	0
fsh-generated/resources/CodeSystem-dipag-rechnung-identifier-type-cs.json	1563	0	0	0	0	0	0	0	0	3	0	0	0	0	0	0	0	0	0	0	0	13	48	0	0	0	0	0	0
fsh-generated/resources/CodeSystem-dipag-rechnung-markierung-cs.json	2033	1	0	0	0	0	0	0	1	1	0	0	0	0	0	0	0	0	0	0	0	14	48	0	0	0	0	0	0
fsh-generated/resources/CodeSystem-dipag-rechnung-submit-modus-cs.json	1183	0	0	0	0	0	0	0	0	2	0	0	0	0	0	0	0	0	0	0	0	11	43	0	0	0	1	0	0
fsh-generated/resources/CodeSystem-dipag-rechnung-type-cs.json	815	1	0	0	0	0	0	0	0	1	0	0	0	0	0	0	0	0	0	0	0	9	43	0	0	0	0	0	0
fsh-generated/resources/CodeSystem-dipag-rechnungsart-cs.json	903	0	0	0	0	0	0	0	0	1	0	0	0	0	0	0	0	0	0	0	0	8	44	0	0	0	0	0	0
fsh-generated/resources/CodeSystem-dipag-rechnungsposition-faktor-gruende-cs.json	1306	1	0	0	0	0	0	0	0	1	0	0	0	0	0	0	0	0	0	0	0	12	46	0	0	0	0	0	0
fsh-generated/resources/CodeSystem-dipag-rechnungsposition-zusatz-cs.json	1068	0	0	0	0	0	0	0	1	1	0	0	0	0	0	0	0	0	0	0	0	16	44	0	0	0	1	0	0
fsh-generated/resources/CodeSystem-dipag-rechnungsstatus-cs.json	940	1	0	0	0	0	0	0	0	1	0	0	0	0	0	0	0	0	0	0	0	11	42	0	0	0	0	0	0
fsh-generated/resources/CodeSystem-dipag-total-price-component-type-cs.json	1586	0	0	0	0	0	0	0	0	2	0	0	0	0	0	0	0	0	0	0	0	14	43	0	0	0	0	0	0
fsh-generated/resources/Condition-a1b2c3d4-2f3a-4b5c-9d0e-1f2a3b4c5d6e.json	536	1	0	0	0	0	0	0	0	1	0	0	0	0	0	0	0	0	0	0	0	6	12	0	0	0	0	0	0
fsh-generated/resources/Condition-f0a1b2c3-1e2f-3a4b-8c9d-0e1f2a3b4c5d.json	548	0	0	0	0	0	0	0	0	1	0	0	0	0	0	0	0	0	0	0	0	6	9	0	0	0	0	0	0
fsh-generated/resources/DocumentReference-BeispielDocumentReferenceRechnung3-FD.json	36417	1	0	0	0	0	0	0	0	2	0	0	0	0	0	0	0	0	0	0	0	53	15	0	0	0	0	0	0
fsh-generated/resources/DocumentReference-BeispielDocumentReferenceRechnung3-LE.json	36417	0	0	0	0	0	0	0	0	2	0	0	0	0	0	0	0	0	0	0	0	53	16	0	0	0	0	0	0
fsh-generated/resources/DocumentReference-BeispielDocumentReferenceRechnung3.1-FD.json	36419	1	0	0	0	0	0	0	1	1	0	0	0	0	0	0	0	0	0	0	0	52	16	0	0	0	0	0	0
fsh-generated/resources/DocumentReference-BeispielDocumentReferenceRechnung3.1-LE.json	36419	0	0	0	0	0	0	0	0	2	0	0	0	0	0	0	0	0	0	0	0	52	15	0	0	0	0	0	0
fsh-generated/resources/DocumentReference-BeispielDocumentReferenceRechnungRetrieve.json	3381	1	0	0	0	0	0	0	0	4	0	0	0	0	0	0	0	1	0	0	0	14	12	0	0	0	0	0	0
fsh-generated/resources/DocumentReference-BeispielDocumentReferenceRechnungRetrieve2.json	1630	1	0	0	0	0	0	0	0	3	0	0	0	0	0	0	0	0	0	0	0	9	10	0	0	0	0	0	0
fsh-generated/resources/DocumentReference-BeispielDocumentReferenceSonstigesDokument3-FD.json	18755	1	0	0	0	0	0	0	0	1	0	0	0	0	0	0	0	0	0	0	0	29	11	0	0	0	0	0	0
fsh-generated/resources/DocumentReference-BeispielDocumentReferenceSonstigesDokument3-LE.json	18755	0	0	0	0	0	0	0	0	1	0	0	0	0	0	0	0	0	0	0	0	28	10	0	0	0	0	0	0
fsh-generated/resources/DocumentReference-BeispielDocumentReferenceSonstigesDokument3.1-FD.json	18757	1	0	0	0	0	0	0	1	2	0	0	0	0	0	0	0	0	0	0	0	29	11	0	0	0	0	0	0
fsh-generated/resources/DocumentReference-BeispielDocumentReferenceSonstigesDokument3.1-LE.json	18757	0	0	0	0	0	0	0	0	0	0	0	0	0	0	0	0	0	0	0	0	28	10	0	0	0	0	0	0
fsh-generated/resources/DocumentReference-ExampleR5DocumentReference.json	5815	1	0	0	0	0	0	0	0	5	0	0	0	0	0	0	0	0	0	0	0	16	31	0	0	0	0	0	0
fsh-generated/resources/DocumentReference-ExampleR5DocumentReferenceSonstigesDokument.json	2189	1	0	0	0	0	0	0	0	2	0	0	0	0	0	0	0	0	0	0	0	8	12	0	0	0	0	0	0
fsh-generated/resources/Invoice-KfoMehrkosten1Rechnung.json	6295	2	0	0	0	0	0	0	1	11	0	0	0	0	0	0	0	0	0	0	0	23	34	0	0	0	0	0	0
fsh-generated/resources/Invoice-KfoMehrkosten2Rechnung.json	5663	2	0	0	0	0	0	0	1	8	0	0	0	0	0	0	0	0	0	0	0	20	32	0	0	0	0	0	0
fsh-generated/resources/Invoice-KfoMehrkosten3Rechnung.json	7254	2	0	0	0	0	0	0	1	9	0	0	0	0	0	0	0	0	0	0	0	25	55	0	0	0	0	0	0
fsh-generated/resources/Invoice-KfoMehrkosten4Rechnung.json	3933	1	0	0	0	0	0	0	0	26	0	0	0	0	0	0	0	0	0	0	0	15	21	0	0	0	0	0	1
fsh-generated/resources/Invoice-a0b1c2d3-e4f5-6a7b-8c9d-0e1f2a3b4c5d.json	5813	1	0	0	0	0	0	0	1	358	0	0	0	0	0	0	0	0	0	0	0	18	32	0	0	0	0	0	0
fsh-generated/resources/Invoice-c3d4e5f6-4b5c-6d7e-1f2a-3b4c5d6e7f8a.json	9550	2	0	0	1	0	0	0	1	9	0	0	0	0	0	0	0	0	0	0	0	26	38	0	0	0	0	0	0
fsh-generated/resources/OperationDefinition-ChangeStatus.json	975	1	0	0	0	0	0	0	0	3	0	0	0	0	0	0	0	0	0	0	0	9	12	0	0	0	1	0	0
fsh-generated/resources/OperationDefinition-Erase.json	933	0	0	0	0	0	0	0	0	1	0	0	0	0	0	0	0	0	0	0	0	7	9	0	0	0	0	0	0
fsh-generated/resources/OperationDefinition-ProcessFlag.json	4048	1	0	0	0	0	0	0	1	1	0	0	0	0	0	0	0	0	0	0	0	18	10	0	0	0	0	0	0
fsh-generated/resources/OperationDefinition-Retrieve.json	3765	1	0	0	0	0	0	0	0	5	0	0	0	0	0	0	0	0	0	0	0	15	16	0	0	0	1	0	0
fsh-generated/resources/OperationDefinition-Submit.json	6259	0	0	0	0	0	0	0	1	6	0	0	0	0	0	0	0	0	0	0	0	19	15	0	0	0	1	0	0
fsh-generated/resources/OperationOutcome-BeispielOperationOutcomeRechnung3.1-FD.json	548	1	0	0	0	0	0	0	0	2	0	0	0	0	0	0	0	0	0	0	0	5	5	0	0	0	0	0	0
fsh-generated/resources/Organization-3c4d5e6f-7a8b-9c0d-1e2f-3a4b5c6d7e8f.json	811	0	0	0	0	0	0	0	0	0	0	0	0	0	0	0	0	0	0	0	0	5	5	0	0	0	0	0	0
fsh-generated/resources/Organization-KfoMehrkosten3Behandler.json	1320	1	0	0	0	0	0	0	0	0	0	0	0	0	0	0	0	0	0	0	0	5	6	0	0	0	0	0	0
fsh-generated/resources/Organization-e3f4a5b6-4d5e-6f7a-1b2c-3d4e5f6a7b8c.json	2262	1	0	0	0	0	0	0	0	1	0	0	0	0	0	0	0	0	0	0	0	7	6	0	0	0	0	0	0
fsh-generated/resources/Organization-f4a5b6c7-5e6f-7a8b-2c3d-4e5f6a7b8c9d.json	1700	0	0	0	0	0	0	0	1	1	0	0	0	0	0	0	0	0	0	0	0	6	5	0	0	0	0	0	0
fsh-generated/resources/Parameters-BeispielParameterChangeStatusInput.json	166	1	0	0	0	0	0	0	0	0	0	0	0	0	0	0	0	0	0	0	0	3	5	0	0	0	0	0	0
fsh-generated/resources/Parameters-BeispielParameterChangeStatusInput2.json	169	0	0	0	0	0	0	0	0	0	0	0	0	0	0	0	0	0	0	0	0	2	4	0	0	0	0	0	0
fsh-generated/resources/Parameters-BeispielParameterChangeStatusOutput.json	422	0	0	0	0	0	0	0	0	0	0	0	0	0	0	0	0	0	0	0	0	3	4	0	0	0	0	0	0
fsh-generated/resources/Parameters-BeispielParameterChangeStatusOutput2.json	425	1	0	0	0	0	0	0	0	0	0	0	0	0	0	0	0	0	0	0	0	3	5	0	0	0	0	0	0
fsh-generated/resources/Parameters-BeispielParameterProcessFlagInput.json	880	0	0	0	0	0	0	0	0	0	0	0	0	0	0	0	0	0	0	0	0	4	5	0	0	0	0	0	0
fsh-generated/resources/Parameters-BeispielParameterProcessFlagOutput.json	1577	1	0	0	0	0	0	0	0	0	0	0	0	0	0	0	0	0	0	0	0	4	4	0	0	0	0	0	0
fsh-generated/resources/Parameters-BeispielParameterRetrieveInput.json	394	0	0	0	0	0	0	0	0	0	0	0	0	0	0	0	0	0	0	0	0	4	5	0	0	0	0	0	0
fsh-generated/resources/Parameters-BeispielParameterRetrieveInput2.json	170	0	0	0	0	0	0	0	0	0	0	0	0	0	0	0	0	0	0	0	0	2	4	0	0	0	0	0	0
fsh-generated/resources/Parameters-BeispielParameterRetrieveOutput.json	22059	2	0	0	0	0	0	0	1	0	0	0	0	0	0	0	0	0	0	0	0	31	14	0	0	0	0	0	0
fsh-generated/resources/Parameters-BeispielParameterSubmitInput3-FD.json	56864	1	0	0	0	0	0	0	0	0	0	0	0	0	0	0	0	0	0	0	0	74	15	0	0	0	0	0	0
fsh-generated/resources/Parameters-BeispielParameterSubmitInput3-LE.json	56864	1	0	0	0	0	0	0	0	0	0	0	0	0	0	0	0	0	0	0	0	73	24	0	0	0	0	0	0
fsh-generated/resources/Parameters-BeispielParameterSubmitInput3.1-LE.json	56526	1	0	0	0	0	0	0	0	0	0	0	0	0	0	0	0	0	0	0	0	73	22	0	0	0	0	0	0
fsh-generated/resources/Parameters-BeispielParameterSubmitOutput3-FD.json	18629	0	0	0	0	0	0	0	1	0	0	0	0	0	0	0	0	0	0	0	0	27	7	0	0	0	0	0	0
fsh-generated/resources/Parameters-BeispielParameterSubmitOutput3.1-FD.json	1213	1	0	0	0	0	0	0	0	0	0	0	0	0	0	0	0	0	0	0	0	5	5	0	0	0	0	0	0
fsh-generated/resources/Patient-1a2b3c4d-5e6f-7a8b-9c0d-1e2f3a4b5c6d.json	1287	0	0	0	0	0	0	0	0	1	0	0	0	0	0	0	0	0	0	0	0	5	6	0	0	0	0	0	0
fsh-generated/resources/Patient-8e2b7c2a-4f3a-4e7a-9c1a-2d6b8f7e1a3c.json	2046	1	0	0	0	0	0	0	0	0	0	0	0	0	0	0	0	0	0	0	0	7	7	0	0	0	0	0	0
fsh-generated/resources/Patient-BeispielPatient3-FD.json	354	1	0	0	0	0	0	0	0	0	0	0	0	0	0	0	0	0	0	0	0	4	5	0	0	0	0	0	0
fsh-generated/resources/Patient-PatientVater.json	521	0	0	0	0	0	0	0	0	1	0	0	0	0	0	0	0	0	0	0	0	4	4	0	0	0	0	0	0
fsh-generated/resources/Practitioner-2b3c4d5e-6f7a-8b9c-0d1e-2f3a4b5c6d7e.json	1453	1	0	0	0	0	0	0	0	1	0	0	0	0	0	0	0	0	0	0	0	5	5	0	0	0	0	0	0
fsh-generated/resources/Practitioner-c1d2e3f4-2b3c-4d5e-9f0a-1b2c3d4e5f6a.json	1867	0	0	0	0	0	0	0	0	0	0	0	0	0	0	0	0	0	0	0	0	6	6	0	0	0	0	0	0
fsh-generated/resources/Practitioner-d2e3f4a5-3c4d-5e6f-0a1b-2c3d4e5f6a7b.json	1869	1	0	0	0	0	0	0	1	1	0	0	0	0	0	0	0	0	0	0	0	7	6	0	0	0	0	0	0
fsh-generated/resources/Procedure-b2c3d4e5-3a4b-5c6d-0e1f-2a3b4c5d6e7f.json	582	1	0	0	0	0	0	0	0	1	0	0	0	0	0	0	0	0	0	0	0	7	6	0	0	0	0	0	0
fsh-generated/resources/SearchParameter-dipag-auditEvent-agent-who-display.json	616	0	0	0	0	0	0	0	0	2	0	0	0	0	0	0	0	0	0	0	0	8	8	0	0	0	0	0	0
fsh-generated/resources/SearchParameter-dipag-docRef-author-display.json	612	0	0	0	0	0	0	0	0	1	0	0	0	0	0	0	0	0	0	0	0	6	8	0	0	0	0	0	0
fsh-generated/resources/SearchParameter-dipag-docRef-subject-display.json	618	0	0	0	0	0	0	0	0	1	0	0	0	0	0	0	0	0	0	0	0	6	8	0	0	0	1	0	0
fsh-generated/resources/SearchParameter-dipag-markierung.json	600	1	0	0	0	0	0	0	0	1	0	0	0	0	0	0	0	0	0	0	0	6	7	0	0	0	0	0	0
fsh-generated/resources/StructureDefinition-DiPagAbrechnungsDiagnoseProzedur.json	3330	1	0	40	0	0	0	0	1	75	0	0	0	0	0	0	0	0	0	0	0	73	729	0	0	0	2	1	0
fsh-generated/resources/StructureDefinition-DiPagAbrechnungsDiagnoseProzedurFreitext.json	1701	0	0	5	0	0	0	0	0	5	0	0	0	0	0	0	0	0	0	0	0	29	172	0	0	0	0	0	0
fsh-generated/resources/StructureDefinition-DiPagBemaPunktsumme.json	2331	1	0	12	0	0	0	0	0	10	0	0	0	0	0	0	0	1	0	0	0	65	217	0	0	0	2	0	0
fsh-generated/resources/StructureDefinition-DiPagInvoiceBasedOn.json	1537	1	0	5	0	0	0	0	0	4	0	0	0	0	0	0	0	0	0	0	0	35	166	0	0	0	1	0	0
fsh-generated/resources/StructureDefinition-DiPagInvoiceReplaces.json	1545	0	0	6	0	0	0	0	0	5	0	0	0	0	0	0	0	0	0	0	0	29	145	0	1	0	0	0	1
fsh-generated/resources/StructureDefinition-DiPagPaymentTo.json	8617	2	0	27	1	0	0	0	0	26	0	0	0	0	0	0	0	0	0	0	0	168	508	0	0	0	4	0	0
fsh-generated/resources/StructureDefinition-DiPagRechnungspositionBehandlungsdatum.json	1537	0	0	6	0	0	0	0	0	5	0	0	0	0	0	0	0	0	0	0	0	34	168	0	0	0	0	0	0
fsh-generated/resources/StructureDefinition-DiPagRechnungspositionZusatz.json	1666	1	0	4	0	0	0	0	0	5	0	0	0	0	0	0	0	0	0	0	0	30	154	0	0	0	1	0	0
fsh-generated/resources/StructureDefinition-DiPagTeilsumme.json	4369	1	0	16	0	0	1	0	0	20	0	0	0	0	0	0	0	1	0	0	0	116	350	0	0	0	3	0	0
fsh-generated/resources/StructureDefinition-DiPagTokenStornierteRechnung.json	1676	0	0	9	0	0	0	0	0	9	0	0	0	0	0	0	0	0	0	0	0	46	182	0	0	0	1	0	0
fsh-generated/resources/StructureDefinition-DiPagZusatzinformationZurAbrechnungsart.json	1732	1	0	4	0	0	0	0	0	5	0	0	0	0	0	0	0	0	0	0	0	38	145	0	0	0	2	0	0
fsh-generated/resources/StructureDefinition-InvoicePeriod.json	1480	0	0	5	0	0	0	0	0	6	0	0	0	0	0	0	0	0	0	0	0	33	136	0	0	0	1	0	1
fsh-generated/resources/StructureDefinition-dipag-abzug-kassenanteil.json	2229	1	0	7	0	0	0	0	0	7	0	0	0	0	0	0	0	0	0	0	0	51	191	0	0	0	1	0	0
fsh-generated/resources/StructureDefinition-dipag-behandlungsart.json	1666	1	0	5	0	0	0	0	0	4	0	0	0	0	0	0	0	0	0	0	0	33	134	0	0	0	1	0	0
fsh-generated/resources/StructureDefinition-dipag-docref-fachrichtung.json	1628	0	0	4	0	0	0	0	0	5	0	0	0	0	0	0	0	0	0	0	0	30	173	0	0	0	1	0	0
fsh-generated/resources/StructureDefinition-dipag-docref-signature.json	1623	1	0	4	0	0	0	0	0	4	0	0	0	0	0	0	0	0	0	0	0	30	129	0	0	0	1	0	0
fsh-generated/resources/StructureDefinition-dipag-documentreference-gesamtbetrag.json	1640	1	0	4	0	0	0	0	0	3	0	0	0	0	0	0	0	0	0	0	0	30	130	0	0	0	1	0	0
fsh-generated/resources/StructureDefinition-dipag-documentreference-markierung.json	7192	1	0	18	0	0	0	0	0	18	0	0	0	0	0	0	0	1	0	0	0	145	277	0	0	0	9	0	0
fsh-generated/resources/StructureDefinition-dipag-documentreference-rechnungsdatum.json	1642	0	0	5	0	0	0	0	0	4	0	0	0	0	0	0	0	0	0	0	0	31	120	0	0	0	1	0	0
fsh-generated/resources/StructureDefinition-dipag-dokumentenmetadaten-eingang.json	15628	2	0	87	0	0	0	0	0	82	0	0	1	0	0	0	0	1	0	0	0	533	1398	0	0	0	14	0	1
fsh-generated/resources/StructureDefinition-dipag-dokumentenmetadaten-intern.json	45425	5	0	337	0	0	0	0	1	210	0	0	0	0	0	0	0	4	0	0	0	1255	2524	0	0	0	38	1	3
fsh-generated/resources/StructureDefinition-dipag-fachrichtung.json	1613	0	0	6	0	0	0	0	0	9	0	0	0	0	0	0	0	0	0	0	0	31	123	0	0	0	1	0	0
fsh-generated/resources/StructureDefinition-dipag-institution.json	17177	3	0	87	0	0	0	0	0	76	0	0	1	0	0	0	0	2	0	0	0	516	1041	0	0	0	12	0	2
fsh-generated/resources/StructureDefinition-dipag-nutzungsprotokoll.json	8801	1	0	131	0	0	0	0	0	75	0	0	0	0	0	0	0	1	0	0	0	416	797	0	0	0	11	0	1
fsh-generated/resources/StructureDefinition-dipag-patient.json	13341	2	0	65	0	0	0	0	0	46	0	0	0	0	0	0	0	2	0	0	0	395	922	0	0	0	10	0	1
fsh-generated/resources/StructureDefinition-dipag-person.json	15110	2	0	75	0	0	0	0	0	57	0	0	0	0	0	0	0	1	0	0	0	406	817	0	0	0	9	0	1
fsh-generated/resources/StructureDefinition-dipag-rechnung.json	46989	4	0	166	0	0	0	0	0	170	0	0	1	0	0	0	0	3	0	0	0	1126	1980	0	0	0	24	1	2
fsh-generated/resources/StructureDefinition-dipag-rechnungsbundle.json	3169	1	0	35	0	0	0	0	0	28	0	0	0	0	0	0	0	1	0	0	0	229	296	0	0	0	6	0	0
fsh-generated/resources/StructureDefinition-dipag-rechnungsdiagnose.json	4678	1	0	49	0	0	0	0	0	30	0	0	0	0	0	0	0	0	0	0	0	198	525	0	1	0	5	0	1
fsh-generated/resources/StructureDefinition-dipag-rechnungsdokument.json	1574	1	0	10	0	0	0	0	0	4	0	0	0	0	0	0	0	1	0	0	0	34	143	0	0	0	1	0	0
fsh-generated/resources/StructureDefinition-dipag-rechnungsposition-go-angaben.json	6661	1	0	19	0	0	0	0	1	22	0	0	0	0	0	0	0	0	0	0	0	181	326	0	0	0	5	0	0
fsh-generated/resources/StructureDefinition-dipag-rechnungsposition-type.json	1650	1	0	4	0	0	0	0	0	4	0	0	0	0	0	0	0	0	0	0	0	31	100	0	0	0	1	0	0
fsh-generated/resources/StructureDefinition-dipag-rechnungsposition.json	29388	3	0	100	0	0	0	0	0	99	0	0	1	0	0	0	0	3	0	0	0	809	1163	0	0	0	16	0	2
fsh-generated/resources/StructureDefinition-dipag-rechnungsprozedur.json	4952	1	0	24	0	0	0	0	0	20	0	0	0	0	0	0	0	0	0	0	0	192	255	0	0	0	5	0	0
fsh-generated/resources/StructureDefinition-dipag-task-requestedPerformer.json	2175	0	0	5	0	0	0	0	0	5	0	0	0	0	0	0	0	0	0	0	0	50	107	0	0	0	1	0	0
fsh-generated/resources/StructureDefinition-dipag-wegegeld-reiseentschaedigung.json	9505	2	0	12	1	0	0	0	0	30	0	0	0	0	0	0	0	1	0	0	0	255	291	0	0	0	5	0	0
fsh-generated/resources/StructureDefinition-dipag-zahlungsziel.json	1485	1	0	2	0	0	0	0	0	4	0	0	0	0	0	0	0	0	0	0	0	33	87	0	0	0	0	0	0
fsh-generated/resources/StructureDefinition-dipag-zahnregion.json	1455	0	0	1	0	0	0	0	0	4	0	0	0	0	0	0	0	0	0	0	0	30	87	0	0	0	1	0	0
fsh-generated/resources/ValueSet-DiPagVerkehrsmittel.json	1172	1	0	0	0	0	0	0	0	142	0	0	0	0	0	0	0	0	0	0	0	10	133	0	0	0	0	0	0
fsh-generated/resources/ValueSet-dipag-abrechnungs-diagnose-use-vs.json	818	0	0	0	0	0	0	0	0	2	0	0	0	0	0	0	0	0	0	0	0	7	66	0	0	0	1	0	0
fsh-generated/resources/ValueSet-dipag-audit-event-agent-type-vs.json	1050	1	0	0	0	0	0	0	0	2	0	0	0	0	0	0	0	0	0	0	0	8	67	0	0	0	0	0	0
fsh-generated/resources/ValueSet-dipag-audit-event-detail-vs.json	771	0	0	0	0	0	0	0	0	1	0	0	0	0	0	0	0	0	0	0	0	6	53	0	0	0	0	0	0
fsh-generated/resources/ValueSet-dipag-audit-event-sub-type-vs.json	895	0	0	0	0	0	0	0	1	1	0	0	0	0	0	0	0	0	0	0	0	7	55	0	0	0	0	0	0
fsh-generated/resources/ValueSet-dipag-audit-event-type-vs.json	1131	1	0	0	0	0	0	0	0	2	0	0	0	0	0	0	0	0	0	0	0	8	115	0	0	0	0	0	0
fsh-generated/resources/ValueSet-dipag-chargeitem-type-VS.json	760	0	0	0	0	0	0	0	0	1	0	0	0	0	0	0	0	0	0	0	0	9	48	0	0	0	0	0	0
fsh-generated/resources/ValueSet-dipag-dokument-artderarchivierung-vs.json	833	1	0	0	0	0	0	0	0	1	0	0	0	0	0	0	0	0	0	0	0	6	51	0	0	0	1	0	0
fsh-generated/resources/ValueSet-dipag-participant-role-VS.json	749	0	0	0	0	0	0	0	0	1	0	0	0	0	0	0	0	0	0	0	0	7	45	0	0	0	0	0	0
fsh-generated/resources/ValueSet-dipag-rechnung-abrechnungsart-vs.json	765	1	0	0	0	0	0	0	0	1	0	0	0	0	0	0	0	0	0	0	0	5	61	0	0	0	0	0	0
fsh-generated/resources/ValueSet-dipag-rechnung-behandlungsart-vs.json	822	0	0	0	0	0	0	0	0	1	0	0	0	0	0	0	0	0	0	0	0	7	51	0	0	0	0	0	0
fsh-generated/resources/ValueSet-dipag-rechnung-markierung-vs.json	787	0	0	0	0	0	0	0	0	1	0	0	0	0	0	0	0	0	0	0	0	6	57	0	0	0	0	0	0
fsh-generated/resources/ValueSet-dipag-rechnung-submit-modus-vs.json	781	1	0	0	0	0	0	0	1	0	0	0	0	0	0	0	0	0	0	0	0	6	51	0	0	0	1	0	0
fsh-generated/resources/ValueSet-dipag-rechnungsart-vs.json	709	0	0	0	0	0	0	0	0	1	0	0	0	0	0	0	0	0	0	0	0	6	55	0	0	0	0	0	1
fsh-generated/resources/ValueSet-dipag-rechnungsposition-faktor-gruende-auspraegungen-VS.json	881	1	0	0	0	0	0	0	0	1	0	0	0	0	0	0	0	0	0	0	0	7	61	0	0	0	0	0	0
fsh-generated/resources/ValueSet-dipag-rechnungsposition-zusatz-VS.json	786	0	0	0	0	0	0	0	0	0	0	0	0	0	0	0	0	0	0	0	0	6	38	0	0	0	0	0	0
fsh-generated/resources/ValueSet-dipag-rechnungsstatus-vs.json	765	1	0	0	0	0	0	0	0	27	0	0	0	0	0	0	0	0	0	0	0	10	36	0	0	0	0	0	0
fsh-generated/resources/ValueSet-dipag-restricted-mime-types-in-binary-vs.json	949	0	0	0	0	0	0	0	0	261	0	0	0	0	0	0	0	0	0	0	0	7	91	0	0	0	1	0	0
fsh-generated/resources/ValueSet-dipag-sonstigesdokument-type-vs.json	976	1	0	0	0	0	0	0	0	1	0	0	0	0	0	0	0	0	0	0	0	9	129	0	0	0	0	0	0
fsh-generated/resources/ValueSet-dipag-total-price-component-deduction-type-vs.json	1346	0	0	0	0	0	0	0	0	1	0	0	0	0	0	0	0	0	0	0	0	7	32	0	0	0	0	0	0
/input/includes/rechnungsinhalt-data.html	2160	-	-	-	0	0	0	0	0	0	0	0	0	0	0	0	0	0	0	0	0	0	209	0	0	0	0	0	0
/input/includes/ms-comments-data.html	500	-	-	-	0	0	0	0	0	0	0	0	0	0	0	0	0	0	0	0	0	0	28	0	0	0	0	0	0
/fsh-generated/includes/fsh-link-references.md	15835	-	-	-	0	0	0	0	0	0	0	0	0	0	0	0	0	0	0	0	0	0	1	0	0	0	0	0	0
/fsh-generated/includes/menu.xml	3426	-	-	-	0	0	0	0	0	0	0	0	0	0	0	0	0	0	0	0	0	0	0	0	0	0	0	0	0
/input/pagecontent/_generate-ms-data.md	122	-	-	-	0	0	0	0	0	0	0	0	0	0	0	0	0	0	0	0	0	0	0	0	0	0	0	0	0
/input/pagecontent/begriffsdefinitionen.md	1160	-	-	-	0	0	0	0	0	0	0	0	0	0	0	0	0	0	0	0	0	0	0	0	0	0	0	0	0
/input/pagecontent/R0-rechnungsempfaenger-ermitteln.md	3597	-	-	-	0	0	0	0	0	0	0	0	0	0	0	0	0	0	0	0	0	0	1	0	0	0	0	0	0
/input/pagecontent/R8-markieren.md	5909	-	-	-	0	0	0	0	0	0	0	0	0	0	0	0	0	0	0	0	0	0	1	0	0	0	0	0	0
/input/pagecontent/R10-nutzungsprotokoll.md	4500	-	-	-	0	0	0	0	0	0	0	0	0	0	0	0	0	0	0	0	0	0	0	0	0	0	0	0	0
/input/pagecontent/R9-loeschen.md	2350	-	-	-	0	0	0	0	0	0	0	0	0	0	0	0	0	0	0	0	0	0	0	0	0	0	0	0	0
/input/pagecontent/release-notes.md	21146	-	-	-	0	0	0	0	0	0	0	0	0	0	0	0	0	0	0	0	0	0	2	0	0	0	0	0	0
/input/pagecontent/index.md	1205	-	-	-	0	0	0	0	0	0	0	0	0	0	0	0	0	0	0	0	0	0	0	0	0	0	0	0	0
/input/pagecontent/szenarien.md	1851	-	-	-	0	0	0	0	0	0	0	0	0	0	0	0	0	0	0	0	0	0	1	0	0	0	0	0	0
/input/pagecontent/hinweis-zu-versionen.md	1419	-	-	-	0	0	0	0	0	0	0	0	0	0	0	0	0	0	0	0	0	0	0	0	0	0	0	0	0
/input/pagecontent/zweckbestimmung.md	1427	-	-	-	0	0	0	0	0	0	0	0	0	0	0	0	0	0	0	0	0	0	0	0	0	0	0	0	0
/input/pagecontent/R11-abfrage-token-kostentraeger.md	2132	-	-	-	0	0	0	0	0	0	0	0	0	0	0	0	0	0	0	0	0	0	1	0	0	0	0	0	0
/input/pagecontent/R3-pdf-abruf-rechnungsersteller.md	3073	-	-	-	0	0	0	0	0	0	0	0	0	0	0	0	0	0	0	0	0	0	0	0	0	0	0	0	0
/input/pagecontent/R1-rechnung-versenden.md	11701	-	-	-	0	0	0	0	0	0	0	0	0	0	0	0	0	0	0	0	0	0	1	0	0	0	0	0	0
/input/pagecontent/R2-rechnung-einreichen-bulk.md	4867	-	-	-	0	0	0	0	0	0	0	0	0	0	0	0	0	0	0	0	0	0	1	0	0	0	0	0	0
/input/pagecontent/akteure-und-interaktionen.md	5914	-	-	-	0	0	0	0	0	0	0	0	0	0	0	0	0	0	0	0	0	0	0	0	0	0	0	0	0
/input/pagecontent/R5-rechnungsabruf-rechnungsempfaenger.md	4536	-	-	-	0	0	0	0	0	0	0	0	0	0	0	0	0	0	0	0	0	0	1	0	0	0	0	0	0
/input/pagecontent/R6-abfrage-token-rechnungsempfaenger.md	2954	-	-	-	0	0	0	0	0	0	0	0	0	0	0	0	0	0	0	0	0	0	0	0	0	0	0	0	0
/input/pagecontent/informationsmodell.md	117	-	-	-	0	0	0	0	0	0	0	0	0	0	0	0	0	0	0	0	0	0	0	0	0	0	0	0	0
/input/pagecontent/R4-pdf-abruf-rechnungsersteller-bulk.md	2778	-	-	-	0	0	0	0	0	0	0	0	0	0	0	0	0	0	0	0	0	0	1	0	0	0	0	0	0
/input/pagecontent/R7-status-aendern.md	3565	-	-	-	0	0	0	0	0	0	0	0	0	0	0	0	0	0	0	0	0	0	0	0	0	0	0	0	0
/input/pagecontent/use-cases.md	1258	-	-	-	0	0	0	0	0	0	0	0	0	0	0	0	0	0	0	0	0	0	1	0	0	0	0	0	0
/input/pagecontent/rechnungsinhalt.md	2061	-	-	-	0	0	0	0	0	0	0	0	0	0	0	0	0	0	0	0	0	0	0	0	0	0	0	0	0
/template/config	0	-	-	-	0	0	0	0	0	0	0	0	0	0	0	0	0	0	0	0	0	0	0	0	0	0	0	0	0
/template/config/_config.yml	140	-	-	-	0	0	0	0	0	0	0	0	0	0	0	0	0	0	0	0	0	0	0	0	0	0	0	0	0
/input/images	0	-	-	-	0	0	0	0	0	0	0	0	0	0	0	0	0	0	0	0	0	0	0	0	0	0	0	0	0
/input/images/Musterrechnung_Arztbehandlung.png	122084	-	-	-	0	0	0	0	0	0	0	0	0	0	0	0	0	0	0	0	0	0	1	0	0	0	0	0	0
/input/images/Gematik_Logo_Flag.png	36991	-	-	-	0	0	0	0	0	0	0	0	0	0	0	0	0	0	0	0	0	0	0	0	0	0	0	0	0
/input/images/Betriebskoordination_Gruen_gematik.svg	1383	-	-	-	0	0	0	0	0	0	0	0	0	0	0	0	0	0	0	0	0	0	0	0	0	0	0	0	0
/temp/pages/_includes/artifacts.xml	129292	-	-	-	-	-	-	-	-	-	-	-	-	-	-	-	-	-	-	-	-	-	4	0	0	0	0	0	0
