URL,Version,Status,OIDs,Name,Title,Description,Uses,Used,Sources
http://fhir.de/ValueSet/identifier-type-de-basis,1.5.4,active,,IdentifierTypeDeBasisVS,Identifier Type DeBasis ValueSet,"ValueSet zur Codierung des Identifier-Typs","StructureDefinition/dipag-person,StructureDefinition/dipag-patient,StructureDefinition/dipag-institution","THO (V2),de.basisprofil.r4"
http://fhir.de/ValueSet/iso/bundeslaender,1.5.4,active,,ValueSetISO31662DE,ISO-3166-2:de-Laendercodes,"Enthaelt die ISO-3166-2:DE Codes für die deutschen Bundeslaender.","StructureDefinition/dipag-person,StructureDefinition/dipag-patient,StructureDefinition/dipag-institution","de.basisprofil.r4"
http://hl7.org/fhir/ValueSet/address-type,4.0.1,active,"2.16.840.1.113883.4.642.3.69",AddressType,AddressType,"The type of an address (physical / postal).","StructureDefinition/dipag-person,StructureDefinition/dipag-patient,StructureDefinition/dipag-institution","hl7.fhir.r4.core"
http://hl7.org/fhir/ValueSet/address-use,4.0.1,active,"2.16.840.1.113883.4.642.3.67",AddressUse,AddressUse,"The use of an address.","StructureDefinition/dipag-person,StructureDefinition/dipag-patient,StructureDefinition/dipag-institution","hl7.fhir.r4.core"
http://hl7.org/fhir/ValueSet/administrative-gender,4.0.1,active,"2.16.840.1.113883.4.642.3.1",AdministrativeGender,AdministrativeGender,"The gender of a person used for administrative purposes.","StructureDefinition/dipag-person,StructureDefinition/dipag-patient","hl7.fhir.r4.core"
http://hl7.org/fhir/ValueSet/audit-entity-type,4.0.1,draft,"2.16.840.1.113883.4.642.3.458",AuditEventEntityType,Audit event entity type,"Code for the entity type involved in the audit event.","StructureDefinition/dipag-nutzungsprotokoll","THO,hl7.fhir.r4.core"
http://hl7.org/fhir/ValueSet/audit-event-action,4.0.1,draft,"2.16.840.1.113883.4.642.3.452",AuditEventAction,AuditEventAction,"Indicator for type of action performed during the event that generated the event.","StructureDefinition/dipag-nutzungsprotokoll","hl7.fhir.r4.core"
http://hl7.org/fhir/ValueSet/audit-event-outcome,4.0.1,draft,"2.16.840.1.113883.4.642.3.454",AuditEventOutcome,AuditEventOutcome,"Indicates whether the event succeeded or failed.","StructureDefinition/dipag-nutzungsprotokoll","hl7.fhir.r4.core"
http://hl7.org/fhir/ValueSet/audit-source-type,4.0.1,active,"2.16.840.1.113883.4.642.3.466",AuditEventSourceType,Audit Event Source Type,"The type of process where the audit event originated from.","StructureDefinition/dipag-nutzungsprotokoll","THO"
http://hl7.org/fhir/ValueSet/body-site,4.0.1,draft,"2.16.840.1.113883.4.642.3.141",SNOMEDCTBodyStructures,SNOMED CT Body Structures,"This value set includes all codes from [SNOMED CT](http://snomed.info/sct) where concept is-a 442083009 (Anatomical or acquired body site (body structure)).","StructureDefinition/dipag-rechnungsprozedur,StructureDefinition/dipag-rechnungsposition,StructureDefinition/dipag-rechnungsdiagnose","SCT"
http://hl7.org/fhir/ValueSet/bundle-type,4.0.1,active,"2.16.840.1.113883.4.642.3.620",BundleType,BundleType,"Indicates the purpose of a bundle - how it is intended to be used.","StructureDefinition/dipag-rechnungsbundle","hl7.fhir.r4.core"
http://hl7.org/fhir/ValueSet/c80-doc-typecodes,4.0.1,active,"2.16.840.1.113883.3.88.12.80.47",DocumentTypeValueSet,Document Type Value Set,"This is the code specifying the precise type of document (e.g. Pulmonary History and  Physical, Discharge Summary, Ultrasound Report, etc.). The Document Type value set includes all LOINC  values listed in HITSP C80 Table 2-144 Document Class Value Set Definition above used for Document Class,  and all LOINC values whose SCALE is DOC in the LOINC database.","StructureDefinition/dipag-dokumentenmetadaten-eingang,StructureDefinition/dipag-dokumentenmetadaten-intern","LOINC"
http://hl7.org/fhir/ValueSet/c80-facilitycodes,4.0.1,active,"2.16.840.1.113883.3.88.12.80.67",FacilityTypeCodeValueSet,Facility Type Code Value Set,"This is the code representing the type of organizational setting where the clinical encounter, service, interaction, or treatment occurred. The value set used for Healthcare Facility Type has been defined by HITSP to be the value set reproduced from HITSP C80 Table 2-147.","StructureDefinition/dipag-dokumentenmetadaten-eingang,StructureDefinition/dipag-dokumentenmetadaten-intern","SCT"
http://hl7.org/fhir/ValueSet/c80-practice-codes,4.0.1,active,"2.16.840.1.113883.3.88.12.80.72",PracticeSettingCodeValueSet,Practice Setting Code Value Set,"This is the code representing the clinical specialty of the clinician or provider who interacted with, treated, or provided a service to/for the patient. The value set used for clinical specialty has been limited by HITSP to the value set reproduced from HITSP C80 Table 2-149 Clinical Specialty Value Set Definition.","StructureDefinition/dipag-dokumentenmetadaten-eingang,StructureDefinition/dipag-dokumentenmetadaten-intern","SCT"
http://hl7.org/fhir/ValueSet/chargeitem-billingcodes,4.0.1,draft,"2.16.840.1.113883.4.642.3.848",ChargeItemCode,ChargeItemCode,"Example set of codes that can be used for billing purposes.","StructureDefinition/dipag-rechnungsposition","THO"
http://hl7.org/fhir/ValueSet/chargeitem-status,4.0.1,draft,"2.16.840.1.113883.4.642.3.846",ChargeItemStatus,ChargeItemStatus,"Codes identifying the lifecycle stage of a ChargeItem.","StructureDefinition/dipag-rechnungsposition","hl7.fhir.r4.core"
http://hl7.org/fhir/ValueSet/common-tags,4.0.1,draft,"2.16.840.1.113883.4.642.3.79",CommonTags,Common Tags,"Common Tag Codes defined by FHIR project","StructureDefinition/dipag-dokumentenmetadaten-eingang,StructureDefinition/dipag-dokumentenmetadaten-intern","THO"
http://hl7.org/fhir/ValueSet/composition-status,4.0.1,draft,"2.16.840.1.113883.4.642.3.241",CompositionStatus,CompositionStatus,"The workflow/clinical status of the composition.","StructureDefinition/dipag-dokumentenmetadaten-eingang,StructureDefinition/dipag-dokumentenmetadaten-intern","hl7.fhir.r4.core"
http://hl7.org/fhir/ValueSet/condition-category,4.0.1,draft,"2.16.840.1.113883.4.642.3.162",ConditionCategoryCodes,Condition Category Codes,"Preferred value set for Condition Categories.","StructureDefinition/dipag-rechnungsdiagnose","THO"
http://hl7.org/fhir/ValueSet/condition-clinical,4.0.1,draft,"2.16.840.1.113883.4.642.3.164",ConditionClinicalStatusCodes,Condition Clinical Status Codes,"Preferred value set for Condition Clinical Status.","StructureDefinition/dipag-rechnungsdiagnose","THO"
http://hl7.org/fhir/ValueSet/condition-code,4.0.1,draft,"2.16.840.1.113883.4.642.3.161",Condition/Problem/DiagnosisCodes,Condition/Problem/Diagnosis Codes,"Example value set for Condition/Problem/Diagnosis codes.","StructureDefinition/dipag-rechnungsprozedur,StructureDefinition/dipag-rechnungsdiagnose","SCT"
http://hl7.org/fhir/ValueSet/condition-severity,4.0.1,draft,"2.16.840.1.113883.4.642.3.168",Condition/DiagnosisSeverity,Condition/Diagnosis Severity,"Preferred value set for Condition/Diagnosis severity grading.","StructureDefinition/dipag-rechnungsdiagnose","SCT"
http://hl7.org/fhir/ValueSet/condition-stage,4.0.1,draft,"2.16.840.1.113883.4.642.3.170",ConditionStage,Condition Stage,"Example value set for stages of cancer and other conditions.","StructureDefinition/dipag-rechnungsdiagnose","SCT"
http://hl7.org/fhir/ValueSet/condition-stage-type,4.0.1,draft,"2.16.840.1.113883.4.642.3.171",ConditionStageType,Condition Stage Type,"Example value set for the type of stages of cancer and other conditions","StructureDefinition/dipag-rechnungsdiagnose","SCT"
http://hl7.org/fhir/ValueSet/condition-ver-status,4.0.1,draft,"2.16.840.1.113883.4.642.3.166",ConditionVerificationStatus,ConditionVerificationStatus,"The verification status to support or decline the clinical status of the condition or diagnosis.","StructureDefinition/dipag-rechnungsdiagnose","THO"
http://hl7.org/fhir/ValueSet/contact-point-system,4.0.1,active,"2.16.840.1.113883.4.642.3.71",ContactPointSystem,ContactPointSystem,"Telecommunications form for contact point.","StructureDefinition/dipag-person,StructureDefinition/dipag-institution","hl7.fhir.r4.core"
http://hl7.org/fhir/ValueSet/contact-point-use,4.0.1,active,"2.16.840.1.113883.4.642.3.73",ContactPointUse,ContactPointUse,"Use of contact point.","StructureDefinition/dipag-person,StructureDefinition/dipag-institution","hl7.fhir.r4.core"
http://hl7.org/fhir/ValueSet/contactentity-type,4.0.1,draft,"2.16.840.1.113883.4.642.3.416",ContactEntityType,Contact entity type,"This example value set defines a set of codes that can be used to indicate the purpose for which you would contact a contact party.","StructureDefinition/dipag-institution","THO"
http://hl7.org/fhir/ValueSet/currencies,4.0.1,active,"2.16.840.1.113883.4.642.3.1025",Currencies,CurrencyCode,"Currency codes from ISO 4217 (see https://www.iso.org/iso-4217-currency-codes.html)","StructureDefinition/DiPagTeilsumme,StructureDefinition/dipag-rechnung,StructureDefinition/dipag-rechnungsposition,StructureDefinition/dipag-rechnungsposition-go-angaben,StructureDefinition/dipag-wegegeld-reiseentschaedigung","Other"
http://hl7.org/fhir/ValueSet/device-action,4.0.1,draft,"2.16.840.1.113883.4.642.3.425",ProcedureDeviceActionCodes,Procedure Device Action Codes,"Example codes indicating the change that happened to the device during the procedure.  Note that these are in no way complete and might not even be appropriate for some uses.","StructureDefinition/dipag-rechnungsprozedur","SCT"
http://hl7.org/fhir/ValueSet/device-kind,4.0.1,draft,"2.16.840.1.113883.4.642.3.208",FHIRDeviceTypes,FHIR Device Types,"Codes used to identify medical devices. Includes concepts from SNOMED CT (http://www.snomed.org/) where concept is-a 49062001 (Device)  and is provided as a suggestive example.","StructureDefinition/dipag-rechnungsprozedur,StructureDefinition/dipag-rechnungsposition","SCT"
http://hl7.org/fhir/ValueSet/dicm-405-mediatype,4.0.1,active,"1.2.840.10008.6.​1.​908",MediaTypeCode,Media Type Code,"Media Type Code","StructureDefinition/dipag-nutzungsprotokoll","DICOM"
http://hl7.org/fhir/ValueSet/document-classcodes,4.0.1,active,"2.16.840.1.113883.3.88.12.80.46",DocumentClassValueSet,Document Class Value Set,"This is the code specifying the high-level kind of document (e.g. Prescription, Discharge Summary, Report, etc.). Note: Class code for documents comes from LOINC, and is based upon one of the following:The type of service described by the document. It is described at a very high level in Section 7.3 of the LOINC Manual. The type study performed. It was determined by identifying modalities for study reports. The section of the chart where the document is placed. It was determined from the SETs created for Claims Attachment requests.","StructureDefinition/dipag-dokumentenmetadaten-eingang,StructureDefinition/dipag-dokumentenmetadaten-intern","LOINC"
http://hl7.org/fhir/ValueSet/document-reference-status,4.0.1,draft,"2.16.840.1.113883.4.642.3.7",DocumentReferenceStatus,DocumentReferenceStatus,"The status of the document reference.","StructureDefinition/dipag-dokumentenmetadaten-eingang,StructureDefinition/dipag-dokumentenmetadaten-intern","hl7.fhir.r4.core"
http://hl7.org/fhir/ValueSet/document-relationship-type,4.0.1,draft,"2.16.840.1.113883.4.642.3.244",DocumentRelationshipType,DocumentRelationshipType,"The type of relationship between documents.","StructureDefinition/dipag-dokumentenmetadaten-eingang,StructureDefinition/dipag-dokumentenmetadaten-intern","hl7.fhir.r4.core"
http://hl7.org/fhir/ValueSet/event-status,4.0.1,draft,"2.16.840.1.113883.4.642.3.109",EventStatus,EventStatus,"Codes identifying the lifecycle stage of an event.","StructureDefinition/dipag-rechnungsprozedur","hl7.fhir.r4.core"
http://hl7.org/fhir/ValueSet/formatcodes,4.0.1,active,"1.3.6.1.4.1.19376.1.2.7.1",DocumentReferenceFormatCodeSet,DocumentReference Format Code Set,"The value set is defined to be the set of format codes defined by the IHE Technical Framework, and also including additional format codes defined by the    HL7. The value set is listed in HITSP C80 Table 2-153 Format Code Value Set Definition,    with additions published later by IHE as published    at http://wiki.ihe.net/index.php?title=IHE_Format_Codes   and with additions published later by HL7 as published at https://confluence.hl7.org/display/SD/Format+Codes+for+IHE+XDS.   This is the code specifying the technical format of the document. Along with the typeCode,    it should provide sufficient information to allow any potential document consumer to know    if it will be able to process the document. The code shall be sufficiently specific to    ensure processing/display by identifying a document encoding, structure and template. The actual list of codes here is incomplete","StructureDefinition/dipag-dokumentenmetadaten-eingang,StructureDefinition/dipag-dokumentenmetadaten-intern","Other"
http://hl7.org/fhir/ValueSet/http-verb,4.0.1,active,"2.16.840.1.113883.4.642.3.624",HTTPVerb,HTTPVerb,"HTTP verbs (in the HTTP command line). See [HTTP rfc](https://tools.ietf.org/html/rfc7231) for details.","StructureDefinition/dipag-rechnungsbundle","hl7.fhir.r4.core"
http://hl7.org/fhir/ValueSet/icd-10,4.0.1,draft,"2.16.840.1.113883.4.642.3.531",ICD-10Codes,ICD-10 Codes,"This value set includes sample ICD-10 codes.","StructureDefinition/dipag-rechnungsposition","FHIR"
http://hl7.org/fhir/ValueSet/identifier-type,4.0.1,active,"2.16.840.1.113883.4.642.3.45",Identifier Type Codes,IdentifierType,"A coded type for an identifier that can be used to determine which identifier to use for a specific purpose.","StructureDefinition/dipag-person,StructureDefinition/dipag-dokumentenmetadaten-eingang,StructureDefinition/dipag-rechnung,StructureDefinition/dipag-dokumentenmetadaten-intern,StructureDefinition/dipag-institution,StructureDefinition/DiPagTokenStornierteRechnung","THO (V2)"
http://hl7.org/fhir/ValueSet/identifier-use,4.0.1,active,"2.16.840.1.113883.4.642.3.57",IdentifierUse,IdentifierUse,"Identifies the purpose for this identifier, if known .","StructureDefinition/dipag-person,StructureDefinition/dipag-patient,StructureDefinition/dipag-dokumentenmetadaten-eingang,StructureDefinition/dipag-rechnung,StructureDefinition/dipag-dokumentenmetadaten-intern,StructureDefinition/dipag-institution,StructureDefinition/DiPagTokenStornierteRechnung","hl7.fhir.r4.core"
http://hl7.org/fhir/ValueSet/invoice-priceComponentType,4.0.1,draft,"2.16.840.1.113883.4.642.3.868",InvoicePriceComponentType,InvoicePriceComponentType,"Codes indicating the kind of the price component.","StructureDefinition/dipag-rechnung","hl7.fhir.r4.core"
http://hl7.org/fhir/ValueSet/invoice-status,4.0.1,draft,"2.16.840.1.113883.4.642.3.866",InvoiceStatus,InvoiceStatus,"Codes identifying the lifecycle stage of an Invoice.","StructureDefinition/dipag-rechnung","hl7.fhir.r4.core"
http://hl7.org/fhir/ValueSet/iso3166-1-2,4.0.1,active,,Iso3166-1-2,Iso 3166 Part 1: 2 Letter Codes,"This value set defines the ISO 3166 Part 1 2-letter codes","StructureDefinition/dipag-person,StructureDefinition/dipag-patient,StructureDefinition/dipag-institution","Other"
http://hl7.org/fhir/ValueSet/languages,4.0.1,draft,"2.16.840.1.113883.4.642.3.20",CommonLanguages,Common Languages,"This value set includes common codes from BCP-47 (http://tools.ietf.org/html/bcp47)","StructureDefinition/dipag-person,StructureDefinition/dipag-patient,StructureDefinition/dipag-rechnungsprozedur,StructureDefinition/dipag-dokumentenmetadaten-eingang,StructureDefinition/dipag-rechnung,StructureDefinition/dipag-dokumentenmetadaten-intern,StructureDefinition/dipag-rechnungsposition,StructureDefinition/dipag-rechnungsdokument,StructureDefinition/dipag-nutzungsprotokoll,StructureDefinition/dipag-institution,StructureDefinition/dipag-rechnungsdiagnose,StructureDefinition/dipag-rechnungsbundle","Other"
http://hl7.org/fhir/ValueSet/link-type,4.0.1,active,"2.16.840.1.113883.4.642.3.423",LinkType,LinkType,"The type of link between this patient resource and another patient resource.","StructureDefinition/dipag-patient","hl7.fhir.r4.core"
http://hl7.org/fhir/ValueSet/manifestation-or-symptom,4.0.1,draft,"2.16.840.1.113883.4.642.3.169",ManifestationAndSymptomCodes,Manifestation and Symptom Codes,"Example value set for Manifestation and Symptom codes.","StructureDefinition/dipag-rechnungsdiagnose","SCT"
http://hl7.org/fhir/ValueSet/marital-status,4.0.1,active,"2.16.840.1.113883.4.642.3.29",Marital Status Codes,MaritalStatus,"This value set defines the set of codes that can be used to indicate the marital status of a person.","StructureDefinition/dipag-patient","THO (V3)"
http://hl7.org/fhir/ValueSet/mimetypes,4.0.1,active,"2.16.840.1.113883.4.642.3.1024",Mime Types,MimeType,"This value set includes all possible codes from BCP-13 (http://tools.ietf.org/html/bcp13)","StructureDefinition/dipag-dokumentenmetadaten-eingang,StructureDefinition/dipag-dokumentenmetadaten-intern","Other"
http://hl7.org/fhir/ValueSet/name-use,4.0.1,active,"2.16.840.1.113883.4.642.3.65",NameUse,NameUse,"The use of a human name.","StructureDefinition/dipag-person,StructureDefinition/dipag-patient","hl7.fhir.r4.core"
http://hl7.org/fhir/ValueSet/network-type,4.0.1,draft,"2.16.840.1.113883.4.642.3.456",AuditEventAgentNetworkType,AuditEventAgentNetworkType,"The type of network access point of this agent in the audit event.","StructureDefinition/dipag-nutzungsprotokoll","hl7.fhir.r4.core"
http://hl7.org/fhir/ValueSet/object-lifecycle-events,4.0.1,draft,,ObjectLifecycleEvents,,"This example FHIR value set is comprised of lifecycle event codes. The FHIR Actor value set is based on    DICOM Audit Message, ParticipantObjectDataLifeCycle;   ISO Standard, TS 21089-2017;  ","StructureDefinition/dipag-nutzungsprotokoll","THO"
http://hl7.org/fhir/ValueSet/object-role,4.0.1,draft,"2.16.840.1.113883.4.642.3.460",AuditEventEntityRole,AuditEventEntityRole,"Code representing the role the entity played in the audit event.","StructureDefinition/dipag-nutzungsprotokoll","THO"
http://hl7.org/fhir/ValueSet/patient-contactrelationship,4.0.1,active,"2.16.840.1.113883.4.642.3.1130",PatientContactRelationship,Patient Contact Relationship ,"The nature of the relationship between the patient and the contact person.","StructureDefinition/dipag-patient","THO (V2)"
http://hl7.org/fhir/ValueSet/performer-role,4.0.1,draft,"2.16.840.1.113883.4.642.3.433",ProcedurePerformerRoleCodes,Procedure Performer Role Codes,"This example value set defines the set of codes that can be used to indicate a role of a procedure performer.","StructureDefinition/dipag-rechnungsprozedur,StructureDefinition/dipag-rechnungsposition","SCT"
http://hl7.org/fhir/ValueSet/procedure-category,4.0.1,draft,"2.16.840.1.113883.4.642.3.430",ProcedureCategoryCodes(SNOMEDCT),Procedure Category Codes (SNOMED CT),"Procedure Category code: A selection of relevant SNOMED CT codes.","StructureDefinition/dipag-rechnungsprozedur","SCT"
http://hl7.org/fhir/ValueSet/procedure-code,4.0.1,draft,"2.16.840.1.113883.4.642.3.427",ProcedureCodes(SNOMEDCT),Procedure Codes (SNOMED CT),"Procedure Code: All SNOMED CT procedure codes.","StructureDefinition/dipag-rechnungsprozedur","SCT"
http://hl7.org/fhir/ValueSet/procedure-followup,4.0.1,draft,"2.16.840.1.113883.4.642.3.429",ProcedureFollowUpCodes(SNOMEDCT),Procedure Follow up Codes (SNOMED CT),"Procedure follow up codes: A selection of SNOMED CT codes relevant to procedure follow up.","StructureDefinition/dipag-rechnungsprozedur","SCT"
http://hl7.org/fhir/ValueSet/procedure-not-performed-reason,4.0.1,active,"2.16.840.1.113883.4.642.3.431",ProcedureNotPerformedReason(SNOMED-CT),Procedure Not Performed Reason (SNOMED-CT),"Situation codes describing the reason that a procedure, which might otherwise be expected, was not performed, or a procedure that was started and was not completed. Consists of SNOMED CT codes, children of procedure contraindicated (183932001), procedure discontinued (416406003), procedure not done (416237000), procedure not indicated (428119001), procedure not offered (416064006), procedure not wanted (416432009), procedure refused (183944003), and procedure stopped (394908001).","StructureDefinition/dipag-rechnungsprozedur","SCT"
http://hl7.org/fhir/ValueSet/procedure-outcome,4.0.1,draft,"2.16.840.1.113883.4.642.3.428",ProcedureOutcomeCodes(SNOMEDCT),Procedure Outcome Codes (SNOMED CT),"Procedure Outcome code: A selection of relevant SNOMED CT codes.","StructureDefinition/dipag-rechnungsprozedur","SCT"
http://hl7.org/fhir/ValueSet/procedure-reason,4.0.1,draft,"2.16.840.1.113883.4.642.3.432",ProcedureReasonCodes,Procedure Reason Codes,"This example value set defines the set of codes that can be used to indicate a reason for a procedure.","StructureDefinition/dipag-rechnungsprozedur","SCT"
http://hl7.org/fhir/ValueSet/quantity-comparator,4.0.1,active,"2.16.840.1.113883.4.642.3.59",QuantityComparator,QuantityComparator,"How the Quantity should be understood and represented.","StructureDefinition/dipag-abzug-kassenanteil,StructureDefinition/dipag-rechnung,StructureDefinition/dipag-rechnungsposition,StructureDefinition/dipag-rechnungsposition-go-angaben,StructureDefinition/dipag-wegegeld-reiseentschaedigung","hl7.fhir.r4.core"
http://hl7.org/fhir/ValueSet/resource-types,4.0.1,active,"2.16.840.1.113883.4.642.3.27",ResourceType,ResourceType,"One of the resource types defined as part of this version of FHIR.","StructureDefinition/dipag-patient,StructureDefinition/dipag-rechnungsprozedur,StructureDefinition/dipag-documentreference-markierung,StructureDefinition/dipag-dokumentenmetadaten-eingang,StructureDefinition/dipag-rechnung,StructureDefinition/dipag-dokumentenmetadaten-intern,StructureDefinition/dipag-rechnungsposition,StructureDefinition/dipag-nutzungsprotokoll,StructureDefinition/dipag-institution,StructureDefinition/dipag-task-requestedPerformer,StructureDefinition/dipag-rechnungsdiagnose","hl7.fhir.r4.core"
http://hl7.org/fhir/ValueSet/search-entry-mode,4.0.1,active,"2.16.840.1.113883.4.642.3.622",SearchEntryMode,SearchEntryMode,"Why an entry is in the result set - whether it's included as a match or because of an _include requirement, or to convey information or warning information about the search process.","StructureDefinition/dipag-rechnungsbundle","hl7.fhir.r4.core"
http://hl7.org/fhir/ValueSet/security-labels,4.0.1,active,"2.16.840.1.113883.4.642.3.47",All Security Labels,SecurityLabels,"A single value set for all security labels defined by FHIR.","StructureDefinition/dipag-dokumentenmetadaten-eingang,StructureDefinition/dipag-dokumentenmetadaten-intern,StructureDefinition/dipag-nutzungsprotokoll",
http://hl7.org/fhir/ValueSet/security-role-type,4.0.1,draft,"2.16.840.1.113883.4.642.3.978",SecurityRoleType,SecurityRoleType,"This example FHIR value set is comprised of example Actor Type codes, which can be used to value FHIR agents, actors, and other role         elements such as those specified in financial transactions. The FHIR Actor value set is based on    DICOM Audit Message, C402;   ASTM Standard, E1762-95 [2013]; selected codes and          derived actor roles from HL7 RoleClass OID 2.16.840.1.113883.5.110;    HL7 Role Code 2.16.840.1.113883.5.111, including AgentRoleType;          HL7 ParticipationType OID: 2.16.840.1.113883.5.90; and    HL7 ParticipationFunction codes OID: 2.16.840.1.113883.5.88.           This value set includes, by reference, role codes from external code systems: NUCC Health Care Provider Taxonomy OID: 2.16.840.1.113883.6.101;          North American Industry Classification System [NAICS]OID: 2.16.840.1.113883.6.85; IndustryClassificationSystem 2.16.840.1.113883.1.11.16039;          and US Census Occupation Code OID: 2.16.840.1.113883.6.243 for relevant recipient or custodian codes not included in this value set.            If no source is indicated in the definition comments, then these are example FHIR codes.          It can be extended with appropriate roles described by SNOMED as well as those described in the HL7 Role Based Access Control Catalog and the          HL7 Healthcare (Security and Privacy) Access Control Catalog.            In Role-Based Access Control (RBAC), permissions are operations on an object that a user wishes to access. Permissions are grouped into roles.          A role characterizes the functions a user is allowed to perform. Roles are assigned to users. If the user's role has the appropriate permissions          to access an object, then that user is granted access to the object. FHIR readily enables RBAC, as FHIR Resources are object types and the CRUDE          events (the FHIR equivalent to permissions in the RBAC scheme) are operations on those objects.          In Attribute-Based Access Control (ABAC), a user requests to perform operations on objects. That user's access request is granted or denied          based on a set of access control policies that are specified in terms of attributes and conditions. FHIR readily enables ABAC, as instances of          a Resource in FHIR (again, Resources are object types) can have attributes associated with them. These attributes include security tags,          environment conditions, and a host of user and object characteristics, which are the same attributes as those used in ABAC. Attributes help          define the access control policies that determine the operations a user may perform on a Resource (in FHIR) or object (in ABAC). For example,          a tag (or attribute) may specify that the identified Resource (object) is not to be further disclosed without explicit consent from the patient.","StructureDefinition/dipag-nutzungsprotokoll","THO (V3),THO,DICOM"
http://hl7.org/fhir/ValueSet/signature-type,4.0.1,draft,"1.2.840.10065.1.12",SignatureTypeCodes,Signature Type Codes,"The Digital Signature Purposes, an indication of the reason an entity signs a document. This is included in the signed information and can be used when determining accountability for various actions concerning the document. Examples include: author, transcriptionist/recorder, and witness.","StructureDefinition/dipag-dokumentenmetadaten-intern","hl7.fhir.r4.core"
http://ihe-d.de/ValueSets/IHEXDSpracticeSettingCode,2019-05-17T13:46:31,active,"1.2.276.0.76.11.37",IHEXDSpracticeSettingCode,IHE XDS practiceSettingCode,"**practiceSettingCode (XDSDocumentEntry)**  The code for an XDS Document that specifies the clinical specialty where the act that resulted in the document was performed (e.g., Family Practice, Laboratory, Radiology).","StructureDefinition/dipag-person,StructureDefinition/dipag-docref-fachrichtung,StructureDefinition/dipag-rechnung,StructureDefinition/dipag-fachrichtung,StructureDefinition/dipag-institution",
http://terminology.hl7.org/ValueSet/v3-ActCode,3.0.0,active,,ActCode,v3 Code System ActCode,"A code specifying the particular kind of Act that the Act-instance represents within its class.  Constraints:  The kind of Act (e.g. physical examination, serum potassium, inpatient encounter, charge financial transaction, etc.) is specified with a code from one of several, typically external, coding systems.  The coding system will depend on the class of Act, such as LOINC for observations, etc. Conceptually, the Act.code must be a specialization of the Act.classCode. This is why the structure of ActClass domain should be reflected in the superstructure of the ActCode domain and then individual codes or externally referenced vocabularies subordinated under these domains that reflect the ActClass structure. Act.classCode and Act.code are not modifiers of each other but the Act.code concept should really imply the Act.classCode concept. For a negative example, it is not appropriate to use an Act.code ""potassium"" together with and Act.classCode for ""laboratory observation"" to somehow mean ""potassium laboratory observation"" and then use the same Act.code for ""potassium"" together with Act.classCode for ""medication"" to mean ""substitution of potassium"". This mutually modifying use of Act.code and Act.classCode is not permitted.","StructureDefinition/dipag-dokumentenmetadaten-eingang,StructureDefinition/dipag-dokumentenmetadaten-intern","THO (V3)"
http://terminology.hl7.org/ValueSet/v3-PurposeOfUse,3.1.0,active,"2.16.840.1.113883.1.11.20448",PurposeOfUse,PurposeOfUse,"Supports communication of purpose of use at a general level.","StructureDefinition/dipag-nutzungsprotokoll","THO (V3)"
https://gematik.de/fhir/dipag/ValueSet/DiPagVerkehrsmittel,1.0.8,active,,DiPagVerkehrsmittel,Digitale PatientenrechnungVerkehrsmittel,"Dieses ValueSet bietet eine Auswahl an Verkehrsmitteln, die im Rahmen einer Reisekostenentschädigung ausgewählt werden können.","StructureDefinition/dipag-rechnungsposition,StructureDefinition/dipag-wegegeld-reiseentschaedigung","SCT"
https://gematik.de/fhir/dipag/ValueSet/dipag-abrechnungs-diagnose-use-vs,1.0.8,active,,DiPagAbrechnungsDiagnoseUseVS,Digitale Patientenrechnung Abrechnungsdiagnose Use ValueSet,"ValueSet für die Qualifizierung von abrechnungsrelevanten Diagnosen, z. B. als Hauptdiagnose","StructureDefinition/dipag-rechnung,StructureDefinition/DiPagAbrechnungsDiagnoseProzedur","Internal"
https://gematik.de/fhir/dipag/ValueSet/dipag-audit-event-agent-type-vs,1.0.8,active,,DiPagAuditEventAgentTypeVS,Digitale Patientenrechnung Audit Event Agent Type,"ValueSet zur Unterscheidung, ob ein Zugriff durch einen menschlichen Nutzer oder automatisiert durch den Fachdienst erfolgt ist","StructureDefinition/dipag-nutzungsprotokoll","THO"
https://gematik.de/fhir/dipag/ValueSet/dipag-audit-event-detail-vs,1.0.8,active,,DiPagAuditEventDetailVS,Digitale Patientenrechnung Audit Event Detail,"ValueSet für die Kodierung der Details eines Protokolleintrags im Nutzungsprotokoll","StructureDefinition/dipag-nutzungsprotokoll","Internal"
https://gematik.de/fhir/dipag/ValueSet/dipag-audit-event-sub-type-vs,1.0.8,active,,DiPagAuditEventSubTypeVS,Digitale Patientenrechnung Audit Event Sub-Type,"ValueSet zur Kodierung der protokollierten Interaktion: RESTful-Interaktionen sowie die Operationen der Digitalen Patientenrechnung","StructureDefinition/dipag-nutzungsprotokoll","Internal,hl7.fhir.r4.core"
https://gematik.de/fhir/dipag/ValueSet/dipag-audit-event-type-vs,1.0.8,active,,DiPagAuditEventTypeVS,Digitale Patientenrechnung Audit Event Type,"ValueSet zur Unterscheidung, ob ein Protokolleintrag eine Applikationsaktivität oder eine REST-API-Interaktion protokolliert","StructureDefinition/dipag-nutzungsprotokoll","THO,DICOM"
https://gematik.de/fhir/dipag/ValueSet/dipag-chargeitem-type-VS,1.0.8,active,,DiPagRechnungspositionTypeVS,Digitale Patientenrechnung Typ der Rechnungsposition ValueSet,"ValueSet für die verschiedenen Typen einer Rechnungsposition","StructureDefinition/dipag-rechnungsposition-type,StructureDefinition/DiPagTeilsumme,StructureDefinition/dipag-rechnung,StructureDefinition/dipag-rechnungsposition","Internal"
https://gematik.de/fhir/dipag/ValueSet/dipag-dokument-artderarchivierung-vs,1.0.8,active,,DiPagDokumentArtDerArchivierungVS,Digitale Patientenrechnung Dokument ArtDerArchivierung VS,"ValueSet für die Angabe der Art der Archivierung eines Dokumentes (ePA oder persönliche Ablage)","StructureDefinition/dipag-documentreference-markierung,StructureDefinition/dipag-dokumentenmetadaten-eingang,StructureDefinition/dipag-dokumentenmetadaten-intern","Internal"
https://gematik.de/fhir/dipag/ValueSet/dipag-participant-role-VS,1.0.8,active,,DiPagParticipantRoleVS,Digitale Patientenrechnung Teilnehmer Rolle,"Diese Codes enthalten Teilnehmer Rollen der Digitalen Patientenrechnung","StructureDefinition/dipag-rechnung","Internal"
https://gematik.de/fhir/dipag/ValueSet/dipag-rechnung-abrechnungsart-vs,1.0.8,active,,DiPagRechnungAbrechnungsartVS,Digitale Patientenrechnung Rechnung Abrechnungsart VS,"ValueSet zur Klassifizierung von Abrechnungsarten","StructureDefinition/dipag-rechnung","Internal"
https://gematik.de/fhir/dipag/ValueSet/dipag-rechnung-behandlungsart-vs,1.0.8,active,,DiPagRechnungBehandlungsartVS,Digitale Patientenrechnung Rechnung Behandlungsart VS,"ValueSet zur Klassifizierung von Behandlungsarten","StructureDefinition/dipag-behandlungsart,StructureDefinition/dipag-rechnung","THO (V3)"
https://gematik.de/fhir/dipag/ValueSet/dipag-rechnung-markierung-vs,1.0.8,active,,DiPagRechnungMarkierungVS,Digitale Patientenrechnung Rechnung Markierung VS,"ValueSet für die Differenzierung von verschiedenen Arten von Markierungen eines Dokumentes","StructureDefinition/dipag-documentreference-markierung,StructureDefinition/dipag-dokumentenmetadaten-eingang,StructureDefinition/dipag-dokumentenmetadaten-intern","Internal"
https://gematik.de/fhir/dipag/ValueSet/dipag-rechnung-submit-modus-vs,1.0.8,active,,DiPagRechnungSubmitModusVS,Digitale Patientenrechnung Rechnung Submit Modus VS,"ValueSet für die Differenzierung der Verarbeitungsmodi für $invoice-submit","OperationDefinition/Submit","Internal"
https://gematik.de/fhir/dipag/ValueSet/dipag-rechnungsart-vs,1.0.8,active,,DiPagRechnungsartVS,Digitale Patientenrechnung Rechnungsart VS,"ValueSet zur Klassifizierung von Rechnungsarten","StructureDefinition/dipag-rechnung","Internal"
https://gematik.de/fhir/dipag/ValueSet/dipag-rechnungsposition-faktor-gruende-auspraegungen-VS,1.0.8,active,,DiPagRechnungspositionFaktorGruendeVS,Digitale Patientenrechnung Rechnungsposition Faktor Gründe ValueSet,"ValueSet für die Gründe eines abweichenden Steigerungsfaktors einer Rechnungsposition","StructureDefinition/dipag-rechnungsposition,StructureDefinition/dipag-rechnungsposition-go-angaben","Internal"
https://gematik.de/fhir/dipag/ValueSet/dipag-rechnungsposition-zusatz-VS,1.0.8,active,,DiPagRechnungspositionZusatzVS,Digitale Patientenrechnung Rechnungsposition Zusatz ValueSet,"ValueSet für die Zusatzkennzeichen einer Rechnungsposition","StructureDefinition/DiPagRechnungspositionZusatz,StructureDefinition/dipag-rechnungsposition","Internal"
https://gematik.de/fhir/dipag/ValueSet/dipag-rechnungsstatus-vs,1.0.8,active,,DiPagRechnungsstatusVS,Digitale Patientenrechnung Rechnungsstatus,"ValueSet für den Bearbeitungsstatus eines Rechnungsdokuments (offen, erledigt, papierkorb)","StructureDefinition/dipag-dokumentenmetadaten-intern","Internal"
https://gematik.de/fhir/dipag/ValueSet/dipag-restricted-mime-types-in-binary-vs,1.0.8,active,,DiPagRestrictedMimeTypesInBinaryVS,Digitale Patientenrechnung Restricted Mime Types in Binary,"ValueSet der zulässigen MIME-Types für Dokumente der Digitalen Patientenrechnung (PDF und FHIR-JSON)","StructureDefinition/dipag-dokumentenmetadaten-intern,StructureDefinition/dipag-rechnungsdokument","Other"
https://gematik.de/fhir/dipag/ValueSet/dipag-sonstigesdokument-type-vs,1.0.8,active,,DiPagSonstigesDokumentTypeVS,Digitale Patientenrechnung Sonstiges Dokument Type VS,"ValueSet zur Klassifizierung von weiteren Dokumenten","StructureDefinition/dipag-dokumentenmetadaten-eingang,StructureDefinition/dipag-dokumentenmetadaten-intern","dvmd.kdl.r4"
https://gematik.de/fhir/dipag/ValueSet/dipag-total-price-component-deduction-type-vs,1.0.8,active,,DiPagTotalPriceComponentDeductionTypeVS,Digitale Patientenrechnung Art des Abzugs von der Summe der gesamten Rechnungspositionen,"ValueSet für die Arten von Abzügen von der Summe der Rechnungspositionen (Festzuschuss Kasse, Vorleistungen anderer Kostenträger, Kosten gem. den BEMA-Pos. 13a - d)","StructureDefinition/dipag-rechnung","Internal"
